児童手当	jidoteate	/kodomokyufu/kodomo/kodomo/jidoteate.html
子ども医療費助成	kodomoiryo	/kosodatesien/kodomo/kate/kodomoiryo.html
児童扶養手当	jidofuyo	/kodomokyufu/kodomo/kate/teate/jidofuyo.html
児童育成手当	jidoikuse	/kodomokyufu/kodomo/kate/teate/jidoikuse.html
特別児童扶養手当	fuyoteate	/kodomokyufu/kodomo/kate/teate/fuyoteate.html
物価高対応子育て応援手当	bukkadaka	/kodomokyufu/kodomo/kodomo/bukkadakataioukosodateouenteate.html
子どもタクシー利用券	kodomotakusi	/kodomoshien/kodomotakusi.html
ひとり親家庭等医療費助成	hitorioya_iryo	/kateisoudan/kodomo/kodomo/hitorioya/iryo.html
バースデーサポート	birthday	/kodomokyufu/202306birthday.html
家事育児支援ドゥーラ	doula	/kodomokatei/housework-childraising-support/doula-grant.html
受験生チャレンジ支援貸付	challenge	/kateisoudantan/challenge.html
